erm1	erm1_ratio	erm2	erm2_ratio	erm3	erm3_ratio	l2norm_d0_d8	diff_l2norm	angle_d0_d8	d0_normal_proj	d8_normal_proj	d33_mrd	label
P049	1.25987725331324	0.744645911372073	1.25987725331324	0.744645911372073	1.208122076664	0.842579764775245	2.1163414808307	1.23841332191441	102.160292444427	1.69191455169855	0.43203729838531	1e-04	0
P050	-0.0631427745318453	-0.0373203093905983	-0.0631427745318453	-0.0373203093905984	-0.447094977321799	-0.311817148366509	1.4052136429321	0.479922528264682	101.547190613247	1.69191455169855	1.75505732623039	1e-04	0
P051	-0.656819414832348	-0.388210748688788	-0.656819414832348	-0.388210748688788	-1.48007100255303	-1.03224492066676	2.19930143450218	1.3215982757179	102.507358407527	1.69191455169855	2.34873396653089	0.09	0
P102	-0.515221664876266	-0.574898838930344	0.179717921546738	0.156029514648952	-1.27684280934587	-1.69507792258397	2.25526035167829	0.684702427681054	113.145898056298	0.896195347750027	1.41141701262629	0.02	1
P124	0.254682423446356	0.109987994953106	0.200478278427418	0.0824963008579849	-0.265970112872675	-0.130043643826981	1.01232472968987	-0.0202690152307943	46.6720726865366	2.31554747002109	2.06086504657473	0	1
P145	0.614300873440683	0.322230076067475	0.79555427188772	0.39375420940229	0.281026616233405	0.168059705157551	1.32800557525354	-0.335936147620804	115.05751634051	1.9064045198315	1.29210364639082	1e-04	0
P161	0.909543109299998	0.629222379783149	1.1890191926706	0.748191554700092	-0.148569680945178	-0.125905481363548	2.50622121613393	1.06490480647657	111.462286746922	1.4455034317334	0.535960322433401	1e-04	0
