erm1	erm1_ratio	erm2	erm2_ratio	erm3	erm3_ratio	d0_normal_proj	d8_normal_proj	l2norm_d0_d8	diff_l2norm	angle_d0_d8	angle_d0d8_normal	angle_d0_normal	angle_d8_normal	d33_mrd	label
P049	1.36700527872852	0.828508583624921	1.36700527872852	0.828508583624921	1.208122076664	0.842579764775245	1.64995910211038	0.282953823381864	1.86168858195858	0.975003159159365	104.86027815037	42.7533800413087	105.31893604796	50.971260894275	1e-04	0
P050	0.0490217272416515	0.0297108741537594	0.0490217272416515	0.0297108741537594	-0.447094977321799	-0.311817148366509	1.64995910211038	1.60093737486873	1.24174464139141	0.208431999193687	115.893829018126	87.7374831560447	105.31893604796	131.9843671452	1e-04	0
P051	-0.750512836206647	-0.454867538987301	-0.750512836206647	-0.454867538987301	-1.48007100255303	-1.03224492066676	1.64995910211038	2.40047193831703	2.07476456103982	1.22851175938245	101.856597279756	111.206723740108	105.31893604796	145.506587755848	0.09	0
P102	-0.673294544915469	-0.878945157756105	-0.258471948732394	-0.295850305719124	-1.27684280934587	-1.69507792258397	0.766025660388585	1.43932020530405	2.15420692811083	0.80366248504218	125.664626602054	108.212893466035	36.6001947403306	109.14674008605	0.02	1
P124	0.206931263016767	0.0872868647948025	0.192394211047844	0.0799788512253375	-0.265970112872675	-0.130043643826981	2.37070335271211	2.16377208969534	0.981397878969606	-0.07741326982893	48.1891661360619	77.8276206981895	134.481914489573	144.845569899334	0	1
P145	0.556989941315268	0.307185891637058	0.62924081288375	0.338143739830837	0.281026616233405	0.168059705157551	1.81320157103229	1.25621162971702	1.16697182137875	-0.119799552562433	127.361591341791	61.4911102445429	123.701509663759	99.0984335144905	1e-04	0
P161	0.989134809921849	0.676783766610805	1.03826339175963	0.686251662164832	-0.148569680945178	-0.125905481363548	1.46152265867019	0.472387848748341	2.37592911318651	1.18554780236491	110.245407954527	65.3978475225368	84.167045408097	79.2901560275503	1e-04	0
